champion,base_ad,ad_growth,as_ratio,base_as,base_bonus_as,as_growth,base_hp,hp_growth,base_hp_regen_per_5s,hp_regen_growth_per_5s,base_mana,mana_growth,base_mana_regen_per_5s,mana_regen_growth_per_5s,base_armor,armor_growth,base_mr,mr_growth,movement_speed,attack_range,attack_cast_time,attack_total_time,attack_delay_offset,attack_windup,base_attack_windup_seconds,windup_modifier,attack_projectile_speed,gameplay_radius,source_status,source_url,missing_fields
Kalista,57,5.2,0.694,0.694,0.16,0.046,630,128,6,0.6,340,50,10,0.8,34,1.4,32,1.4,335,550,,,0.0599999986588954,0.35999999865889537,0.5187319865401951,0.75,2600.0,,wr_wiki_parameter_table,https://wiki.leagueoflegends.com/en-us/Template:WR_Data_Kalista,attack_cast_time; attack_total_time; gameplay_radius
Tristana,60,5,0.694,0.694,0.17,0.02,630,128,7.5,0.68,300,41,12,0.7,35,4,30,1.4,335,545,,,-0.151993364095687,0.14800663590431298,0.22561987180535514,1.0,2250.0,,wr_wiki_parameter_table,https://wiki.leagueoflegends.com/en-us/Template:WR_Data_Tristana,attack_cast_time; attack_total_time; gameplay_radius
Twitch,58,4,0.679,0.679,0.18,0.03,630,128,8,0.6,340,50,14,1,40,4,32,1,340,575,,,-0.0980840176343917,0.2019159823656083,0.2973725808035468,1.0,2500.0,,wr_wiki_parameter_table,https://wiki.leagueoflegends.com/en-us/Template:WR_Data_Twitch,attack_cast_time; attack_total_time; gameplay_radius
Draven,66,3.8,0.679,0.679,0.11,0.03,630,128,7.5,0.68,480,65,15,1.1,35,5,30,1.4,340,575,0.230000004172325,1.47300004959106,-0.118840597569942,0.1561439215403818,0.22996159284297762,1.0,1600.0,,wr_wiki_parameter_table,https://wiki.leagueoflegends.com/en-us/Template:WR_Data_Draven,gameplay_radius
Kog'Maw,58,3.5,0.665,0.665,0.2,0.03,630,120,8,0.58,380,50,14,1,34,4.5,32,1.5,335,500,,,-0.13377659022808,0.16622340977192,0.2499600146946165,1.0,1800.0,,wr_wiki_parameter_table,https://wiki.leagueoflegends.com/en-us/Template:WR_Data_Kog'Maw,attack_cast_time; attack_total_time; gameplay_radius
Vayne,60,3,0.658,0.658,0.23,0.03,570,120,7.5,0.55,300,41,9,0.5,31,4.5,30,1.4,335,575,,,-0.124561406672,0.175438593328,0.26662400201823705,1.0,2000.0,,wr_wiki_parameter_table,https://wiki.leagueoflegends.com/en-us/Template:WR_Data_Vayne,attack_cast_time; attack_total_time; gameplay_radius
Ashe,60,4,0.658,0.658,0.23,0.03,630,128,6,0.55,345,33,9,0.7,35,4.5,30,1.4,335,625,,,-0.0807017534971237,0.21929824650287627,0.33328000988279066,1.0,2500.0,,wr_wiki_parameter_table,https://wiki.leagueoflegends.com/en-us/Template:WR_Data_Ashe,attack_cast_time; attack_total_time; gameplay_radius
Varus,58,4,0.658,0.658,0.22,0.03,570,128,6,0.55,390,33,12,0.5,35,4.5,30,1.4,340,575,,,-0.124561406672,0.175438593328,0.26662400201823705,1.0,2000.0,,wr_wiki_parameter_table,https://wiki.leagueoflegends.com/en-us/Template:WR_Data_Varus,attack_cast_time; attack_total_time; gameplay_radius
Xayah,60,4.2,0.658,0.658,0.22,0.034,630,120,7.5,0.81,435,41,15,0.9,40,4,30,1.4,335,575,0.282999992370605,1.60000002384185,,0.17687499259598624,0.2688069796291584,1.0,2500.0,,wr_wiki_parameter_table,https://wiki.leagueoflegends.com/en-us/Template:WR_Data_Xayah,attack_delay_offset; gameplay_radius
Samira,60,3.5,0.658,0.658,0.14,0.03,630,128,7.5,0.68,345,49,15,0.5,35,5,30,1.4,340,525,,,-0.150000006,0.149999994,0.2279635167173252,1.0,2800.0,,wr_wiki_parameter_table,https://wiki.leagueoflegends.com/en-us/Template:WR_Data_Samira,attack_cast_time; attack_total_time; gameplay_radius
Miss Fortune,58,4,0.656,0.656,0.22,0.032,600,128,6,0.55,420,50,12,0.9,34,4.5,30,1.4,335,575,,,-0.151993364095687,0.14800663590431298,0.22561987180535514,1.0,2000.0,,wr_wiki_parameter_table,https://wiki.leagueoflegends.com/en-us/Template:WR_Data_Miss_Fortune,attack_cast_time; attack_total_time; gameplay_radius
Yunara,58,3,0.65,0.65,0.23,0.032,,,,,,,,,,,,,,,0.25,1.538,,0.1625487646293888,0.250075022506752,1.0,2500.0,,manual_pending_user_instruction,https://wiki.leagueoflegends.com/en-us/Template:WR_Data_Yunara,base_hp; hp_growth; base_hp_regen_per_5s; hp_regen_growth_per_5s; base_mana; mana_growth; base_mana_regen_per_5s; mana_regen_growth_per_5s; base_armor; armor_growth; base_mr; mr_growth; movement_speed; attack_range; attack_delay_offset; gameplay_radius
Kai'Sa,59,3.5,0.644,0.644,0.17,0.022,600,128,6,0.55,435,41,15,0.7,35,4,30,1.4,340,575,0.25,1.55200004577636,,0.16108246947566424,0.2501280581920252,1.0,2000.0,,wr_wiki_parameter_table,https://wiki.leagueoflegends.com/en-us/Template:WR_Data_Kai'Sa,attack_delay_offset; gameplay_radius
Corki,54,2.5,0.644,0.644,0.17,0.032,600,128,6,0.55,435,50,9,0.7,35,5,30,1.4,335,575,,,-0.0299999993294477,0.2700000006705523,0.41925465942632345,1.0,2000.0,,wr_wiki_parameter_table,https://wiki.leagueoflegends.com/en-us/Template:WR_Data_Corki,attack_cast_time; attack_total_time; gameplay_radius
Lucian,60,3.5,0.638,0.638,0.25,0.028,630,128,9,0.81,390,49,15,0.9,35,5,30,1.5,345,525,,,-0.150000005960464,0.14999999403953598,0.23510970852591848,1.0,2800.0,,wr_wiki_parameter_table,https://wiki.leagueoflegends.com/en-us/Template:WR_Data_Lucian,attack_cast_time; attack_total_time; gameplay_radius
Smolder,54,3.5,0.638,0.638,0.25,0.031,600,120,8,0.6,390,50,14,0.9,34,4.5,30,1.4,335,575,,,-0.13377659,0.16622341,0.26053826018808773,1.0,1800.0,,wr_wiki_parameter_table,https://wiki.leagueoflegends.com/en-us/Template:WR_Data_Smolder,attack_cast_time; attack_total_time; gameplay_radius
Caitlyn,60,4.2,0.625,0.625,0.28,0.025,600,128,6,0.55,345,41,12,0.7,35,4.5,30,1.4,335,675,,,-0.122916668653488,0.177083331346512,0.2600342604207224,1.0,2500.0,,wr_wiki_parameter_table,https://wiki.leagueoflegends.com/en-us/Template:WR_Data_Caitlyn,attack_cast_time; attack_total_time; gameplay_radius
Jinx,58,4,0.625,0.625,0.3,0.02,630,120,7.5,0.55,345,49,12,1.3,35,5,30,1.4,335,575,0.270000010728836,1.60000002384185,,0.16875000419095232,0.2700000067055237,1.0,2750.0,,wr_wiki_parameter_table,https://wiki.leagueoflegends.com/en-us/Template:WR_Data_Jinx,attack_delay_offset; gameplay_radius
Ezreal,60,4.5,0.625,0.625,0.28,0.022,600,120,6,0.68,390,49,9,0.9,34,5,30,1.4,340,575,,,-0.111613474786281,0.18838652521371899,0.30141844034195037,1.0,2000.0,,wr_wiki_parameter_table,https://wiki.leagueoflegends.com/en-us/Template:WR_Data_Ezreal,attack_cast_time; attack_total_time; gameplay_radius
Zeri,58,4,0.625,0.625,0.28,0.024,630,128,8,0.6,380,50,10,0.8,31,5,32,2,335,700,,,-0.14375,0.15625,0.23746200607902734,1.0,0.0,,wr_wiki_parameter_table,https://wiki.leagueoflegends.com/en-us/Template:WR_Data_Zeri,attack_cast_time; attack_total_time; gameplay_radius
Jhin,60,5,0.625,0.625,0.06,0.032,600,128,6,0.55,390,57,9,1.1,35,4.5,30,1.4,340,575,0.25,1.60000002384185,,0.15624999767169437,0.24999999627471098,1.0,2600.0,,wr_wiki_parameter_table,https://wiki.leagueoflegends.com/en-us/Template:WR_Data_Jhin,attack_delay_offset; gameplay_radius
Sivir,60,4,0.625,0.625,0.3,0.01,600,128,6,0.8,340,60,10,1.2,34,4.5,28,1.4,340,525,,,-0.180000007152557,0.11999999284744298,0.19199998855590877,1.0,1750.0,,wr_wiki_parameter_table,https://wiki.leagueoflegends.com/en-us/Template:WR_Data_Sivir,attack_cast_time; attack_total_time; gameplay_radius
Senna,50,0,0.3,0.3,1.1,0.025,570,120,6,0.55,345,65,21,0.5,35,4.5,30,1.4,340,625,0.5,1.60000002384185,,0.31249999534338874,0.49999999254942196,0.600000023841857,0,,wr_wiki_parameter_table,https://wiki.leagueoflegends.com/en-us/Template:WR_Data_Senna,attack_delay_offset; gameplay_radius
